{
	"credit": "Made with Blockbench",
	"texture_size": [32, 32],
	"textures": {
		"0": "./guard_helmet",
		"particle": "./guard_helmet"
	},
	"elements": [
		{
			"from": [4, 7, 4],
			"to": [4, 15, 12],
			"rotation": {"angle": 0, "axis": "y", "origin": [12, 15, 12]},
			"faces": {
				"north": {"uv": [2, 4, 4, 8], "texture": "#0"},
				"east": {"uv": [8, 0, 12, 4], "texture": "#0"},
				"south": {"uv": [6, 4, 8, 8], "texture": "#0"},
				"west": {"uv": [8, 4, 12, 8], "texture": "#0"},
				"up": {"uv": [2, 0, 4, 4], "rotation": 180, "texture": "#0"},
				"down": {"uv": [4, 0, 6, 4], "texture": "#0"}
			}
		},
		{
			"from": [12, 7, 4],
			"to": [12, 15, 12],
			"rotation": {"angle": 0, "axis": "y", "origin": [20, 15, 12]},
			"faces": {
				"north": {"uv": [2, 4, 4, 8], "texture": "#0"},
				"east": {"uv": [0, 4, 4, 8], "texture": "#0"},
				"south": {"uv": [6, 4, 8, 8], "texture": "#0"},
				"west": {"uv": [12, 0, 8, 4], "texture": "#0"},
				"up": {"uv": [2, 0, 4, 4], "rotation": 180, "texture": "#0"},
				"down": {"uv": [4, 0, 6, 4], "texture": "#0"}
			}
		},
		{
			"from": [4, 7, 4],
			"to": [12, 15, 4],
			"rotation": {"angle": 0, "axis": "y", "origin": [12, 15, 12]},
			"faces": {
				"north": {"uv": [4, 4, 8, 8], "texture": "#0"},
				"east": {"uv": [0, 4, 2, 8], "texture": "#0"},
				"south": {"uv": [4, 0, 0, 4], "texture": "#0"},
				"west": {"uv": [4, 4, 6, 8], "texture": "#0"},
				"up": {"uv": [2, 0, 4, 4], "rotation": 180, "texture": "#0"},
				"down": {"uv": [4, 0, 6, 4], "texture": "#0"}
			}
		},
		{
			"from": [4, 7, 12],
			"to": [12, 15, 12],
			"rotation": {"angle": 0, "axis": "y", "origin": [12, 15, 20]},
			"faces": {
				"north": {"uv": [16, 0, 12, 4], "texture": "#0"},
				"east": {"uv": [0, 4, 2, 8], "texture": "#0"},
				"south": {"uv": [12, 4, 16, 8], "texture": "#0"},
				"west": {"uv": [4, 4, 6, 8], "texture": "#0"},
				"up": {"uv": [2, 0, 4, 4], "rotation": 180, "texture": "#0"},
				"down": {"uv": [4, 0, 6, 4], "texture": "#0"}
			}
		},
		{
			"from": [4, 15, 4],
			"to": [12, 15, 12],
			"rotation": {"angle": 0, "axis": "y", "origin": [12, 23, 12]},
			"faces": {
				"north": {"uv": [2, 4, 4, 8], "texture": "#0"},
				"east": {"uv": [0, 4, 2, 8], "texture": "#0"},
				"south": {"uv": [6, 4, 8, 8], "texture": "#0"},
				"west": {"uv": [4, 4, 6, 8], "texture": "#0"},
				"up": {"uv": [4, 0, 8, 4], "rotation": 180, "texture": "#0"},
				"down": {"uv": [12, 8, 16, 12], "texture": "#0"}
			}
		},
		{
			"from": [12.5, 10, 2.5],
			"to": [12.5, 15, 10.5],
			"rotation": {"angle": 45, "axis": "x", "origin": [8.5, 12, 6.5]},
			"faces": {
				"north": {"uv": [2, 4, 4, 8], "texture": "#0"},
				"east": {"uv": [10.5, 13.5, 6.5, 16], "texture": "#0"},
				"south": {"uv": [6, 4, 8, 8], "texture": "#0"},
				"west": {"uv": [6.5, 13.5, 10.5, 16], "texture": "#0"},
				"up": {"uv": [2, 0, 4, 4], "rotation": 180, "texture": "#0"},
				"down": {"uv": [4, 0, 6, 4], "texture": "#0"}
			}
		},
		{
			"from": [3.5, 10, 2.5],
			"to": [12.5, 15, 2.5],
			"rotation": {"angle": 45, "axis": "x", "origin": [7.5, 12, 6.5]},
			"faces": {
				"north": {"uv": [2, 13.5, 6.5, 16], "texture": "#0"},
				"east": {"uv": [0, 4, 2, 8], "texture": "#0"},
				"south": {"uv": [6.5, 13.5, 2.5, 16], "texture": "#0"},
				"west": {"uv": [4, 4, 6, 8], "texture": "#0"},
				"up": {"uv": [2, 0, 4, 4], "rotation": 180, "texture": "#0"},
				"down": {"uv": [4, 0, 6, 4], "texture": "#0"}
			}
		},
		{
			"from": [3.5, 10, 2.5],
			"to": [3.5, 15, 10.5],
			"rotation": {"angle": 45, "axis": "x", "origin": [7.5, 12, 6.5]},
			"faces": {
				"north": {"uv": [2, 4, 4, 8], "texture": "#0"},
				"east": {"uv": [10.5, 13.5, 6.5, 16], "texture": "#0"},
				"south": {"uv": [6, 4, 8, 8], "texture": "#0"},
				"west": {"uv": [6.5, 13.5, 10.5, 16], "texture": "#0"},
				"up": {"uv": [2, 0, 4, 4], "rotation": 180, "texture": "#0"},
				"down": {"uv": [4, 0, 6, 4], "texture": "#0"}
			}
		}
	],
	"display": {
		"thirdperson_righthand": {
			"rotation": [-26, 0, 0],
			"translation": [0, -4.75, 0.25]
		},
		"thirdperson_lefthand": {
			"rotation": [-26, 0, 0],
			"translation": [0, -4.75, 0.25]
		},
		"firstperson_righthand": {
			"translation": [0, -3, 0]
		},
		"firstperson_lefthand": {
			"translation": [0, -3, 0]
		},
		"ground": {
			"translation": [0, -3.75, 0]
		},
		"gui": {
			"rotation": [30, 132, 0],
			"translation": [0, -3.5, 0]
		},
		"head": {
			"translation": [0, -5, 0],
			"scale": [1.9, 1.9, 1.9]
		},
		"fixed": {
			"rotation": [-90, 0, 0],
			"translation": [0, 0, -0.25],
			"scale": [1.58, 1.58, 1.58]
		}
	},
	"groups": [
		0,
		1,
		2,
		3,
		4,
		{
			"name": "group",
			"origin": [7.5, 12, 6.5],
			"color": 0,
			"children": [5, 6, 7]
		}
	]
}