{
	"credit": "Made with Blockbench",
	"texture_size": [64, 64],
	"textures": {
		"0": "./tv_screen",
		"particle": "./tv_screen"
	},
	"elements": [
		{
			"from": [-7, 2, 6],
			"to": [23, 20, 8],
			"rotation": {"angle": 0, "axis": "x", "origin": [1.5, 1, 13]},
			"faces": {
				"north": {"uv": [0, 0, 7.5, 4.5], "texture": "#0"},
				"east": {"uv": [8, 0, 7.5, 4.5], "texture": "#0"},
				"south": {"uv": [0, 5, 7.5, 9.5], "texture": "#0"},
				"west": {"uv": [7.5, 0, 8, 4.5], "texture": "#0"},
				"up": {"uv": [0, 4.5, 7.5, 5], "rotation": 180, "texture": "#0"},
				"down": {"uv": [0, 9.5, 7.5, 10], "rotation": 180, "texture": "#0"}
			}
		},
		{
			"from": [6, 1, 7],
			"to": [10, 11, 10],
			"rotation": {"angle": 0, "axis": "x", "origin": [1.5, 1, 13]},
			"faces": {
				"north": {"uv": [0.75, 10.25, 1.75, 12.75], "texture": "#0"},
				"east": {"uv": [0.75, 10.25, 0, 12.75], "texture": "#0"},
				"south": {"uv": [0.75, 10.25, 1.75, 12.75], "texture": "#0"},
				"west": {"uv": [0, 10.25, 0.75, 12.75], "texture": "#0"},
				"up": {"uv": [0, 12.75, 1, 13.5], "texture": "#0"}
			}
		},
		{
			"from": [2, 0, 4],
			"to": [14, 1, 12],
			"rotation": {"angle": 0, "axis": "y", "origin": [10.5, 8, 12]},
			"faces": {
				"north": {"uv": [2, 12.5, 5, 12.25], "texture": "#0"},
				"east": {"uv": [1.75, 10.25, 2, 12.25], "rotation": 270, "texture": "#0"},
				"south": {"uv": [2, 12.25, 5, 12.5], "texture": "#0"},
				"west": {"uv": [2, 10.25, 1.75, 12.25], "rotation": 270, "texture": "#0"},
				"up": {"uv": [2, 10.25, 5, 12.25], "texture": "#0"},
				"down": {"uv": [5, 10.25, 8, 12.25], "rotation": 180, "texture": "#0"}
			}
		}
	],
	"display": {
		"thirdperson_righthand": {
			"rotation": [40, 20, 0],
			"translation": [-1.25, 5.25, 3.75]
		},
		"thirdperson_lefthand": {
			"rotation": [40, 20, 0],
			"translation": [-1.25, 5.25, 3.75]
		},
		"firstperson_righthand": {
			"rotation": [0, 102, 11],
			"translation": [1.75, -2.25, -2.25]
		},
		"firstperson_lefthand": {
			"rotation": [0, 102, 11],
			"translation": [1.75, -2.25, -2.25]
		},
		"ground": {
			"translation": [0, 5, 0]
		},
		"gui": {
			"rotation": [35, 135, 0],
			"translation": [0.5, -1, 0],
			"scale": [0.5, 0.5, 0.5]
		},
		"head": {
			"translation": [0, 19.5, 0],
			"scale": [1.66, 1.66, 1.66]
		},
		"fixed": {
			"rotation": [-90, 0, 0],
			"translation": [0, 0, -14],
			"scale": [2, 2, 2]
		}
	}
}