{
    "providers": [
        {
            "type": "bitmap",
            "file": "minecraft:font/logo.png",
            "ascent": 0,
            "height": 15,
            "chars": ["\u2765"]
        },
        {
            "type": "bitmap",
            "file": "minecraft:font/eventlogo.png",
            "ascent": 0,
            "height": 15,
            "chars": ["\u2766"]
        },
        {
            "type": "bitmap",
            "file": "minecraft:font/sbp.png",
            "ascent": 30,
            "height": 30,
            "chars": ["\u02A0"]
        },
        {
            "type": "bitmap",
            "file": "minecraft:font/profile.png",
            "ascent": 10,
            "height": 11,
            "chars": [
                "\ud83d\udc64"
            ]
        },
	{
            "type": "bitmap",
            "file": "minecraft:font/ping.png",
            "ascent": 11,
            "height": 17,
            "chars": [
                "\u0489"
            ]
        },
	{
            "type": "bitmap",
            "file": "minecraft:font/tps.png",
            "ascent": 12,
            "height": 15,
            "chars": [
                "\u047A"
            ]
        },
	{
            "type": "bitmap",
            "file": "minecraft:font/online.png",
            "ascent": 15,
            "height": 24,
            "chars": [
                "\u0398"
            ]
        }
    ]
}
